"valorRec","IC_L","IC_U","min_value_trait","max_value_trait","SE"
16.0639159498603,-59.9416358928428,92.0694677925634,0.2,240,77.5566855537787
