"valorRec","IC_L","IC_U","min_value_trait","max_value_trait","SE"
16.2751315394829,-96.8197357959077,129.369998874873,0.2,240,115.402925852439
